from,to
julietlohuis,setup
julietlohuis,talentteam
julietlohuis,eurosealm
julietlohuis,coolenalter
julietlohuis,uscm
miratodorova,rccannes
miratodorova,volerocannet
miratodorova,volerozueri
miratodorova,lecannetvoba
miratodorova,smaepfeff
miratodorova,vcmaritza
elinetimmerman,talentteam
elinetimmerman,alternoapeldoorn
elinetimmerman,eurosptwen
elinetimmerman,ladiesinblaachen
ilkavandevyver,asterixkieldrecht
ilkavandevyver,ilbisontefirenze
ilkavandevyver,calcitljubljana
ilkavandevyver,roteraben
ilkavandevyver,csmtargo
ilkavandevyver,rccannes
julianowicka,grotbudow
julianowicka,bksprofi
julianowicka,kspalac
julianowicka,smspzps
mariapalleres,bancavalsabbina
mariapalleres,dresdnersc
mariapalleres,boscasanber
mariapalleres,saugelltemo
mariapalleres,deltainformatica
mariapalleres,geoherol
mariapalleres,cvbarcelona
hesterjasper,vfbsuhllo
hesterjasper,vcsnee
helenadornheim,allianzmtv
helenadornheim,bundesstützstgt
krystalrivers,unialabama
krystalrivers,beziersangels
krystalrivers,lukabar
laraberger,fvtübimo
laraberger,bspmtvstgt
laraberger,vcoberlin
roosakoskelo,oknovakbmbra
roosakoskelo,lpviesti
roosakoskelo,lpkanga
roosakoskelo,haemeenli
roosakoskelo,kimmo
roosakoskelo,someronpallo
lenagrundt,eigjugmtvstgt
lenagrundt,bundesstützstgt